{
  "centroX": 0.0,
  "centroY": 0.0,
  "centroZ": 0.0,
  "faces": [
    {
      "vertices": [
        [
          -0.7,
          0.0,
          0.7
        ],
        [
          0.7,
          0.0,
          0.7
        ],
        [
          0.7,
          0.0,
          -0.7
        ],
        [
          -0.7,
          0.0,
          -0.7
        ]
      ],
      "color": "Green",
      "primitiType": 7
    },
    {
      "vertices": [
        [
          -0.3,
          0.0,
          0.3
        ],
        [
          -0.3,
          0.7,
          0.3
        ],
        [
          -0.3,
          0.7,
          -0.3
        ],
        [
          -0.3,
          0.0,
          -0.3
        ],
        [
          0.3,
          0.0,
          0.3
        ],
        [
          0.3,
          0.7,
          0.3
        ],
        [
          0.3,
          0.7,
          -0.3
        ],
        [
          0.3,
          0.0,
          -0.3
        ],
        [
          -0.3,
          0.0,
          -0.3
        ],
        [
          0.3,
          0.0,
          -0.3
        ],
        [
          0.3,
          0.7,
          -0.3
        ],
        [
          -0.3,
          0.7,
          -0.3
        ],
        [
          -0.3,
          0.0,
          0.3
        ],
        [
          0.3,
          0.0,
          0.3
        ],
        [
          0.3,
          0.7,
          0.3
        ],
        [
          -0.3,
          0.7,
          0.3
        ]
      ],
      "color": "Silver",
      "primitiType": 7
    },
    {
      "vertices": [
        [
          -0.5,
          0.7,
          0.5
        ],
        [
          0.5,
          0.7,
          0.5
        ],
        [
          0.5,
          0.7,
          -0.5
        ],
        [
          -0.5,
          0.7,
          -0.5
        ]
      ],
      "color": "DarkOrange",
      "primitiType": 7
    },
    {
      "vertices": [
        [
          -0.06,
          0.0,
          -0.30029999999999996
        ],
        [
          0.06,
          0.0,
          -0.30029999999999996
        ],
        [
          0.06,
          0.48999999999999994,
          -0.30029999999999996
        ],
        [
          -0.06,
          0.48999999999999994,
          -0.30029999999999996
        ]
      ],
      "color": "Brown",
      "primitiType": 7
    }
  ]
}